[ STABLE  ] Signal: 0.285 | Penalty: 0.023 | RL_Reward: 0.977
[ STABLE  ] Signal: 0.291 | Penalty: 0.019 | RL_Reward: 0.981
[ STABLE  ] Signal: 0.314 | Penalty: 0.024 | RL_Reward: 0.976
[ STABLE  ] Signal: 0.287 | Penalty: 0.022 | RL_Reward: 0.978
[ STABLE  ] Signal: 0.292 | Penalty: 0.019 | RL_Reward: 0.981
[ STABLE  ] Signal: 0.302 | Penalty: 0.017 | RL_Reward: 0.983
[ STABLE  ] Signal: 0.287 | Penalty: 0.021 | RL_Reward: 0.979
[ STABLE  ] Signal: 0.293 | Penalty: 0.017 | RL_Reward: 0.983
[ STABLE  ] Signal: 0.295 | Penalty: 0.016 | RL_Reward: 0.984
[ STABLE  ] Signal: 0.298 | Penalty: 0.014 | RL_Reward: 0.986
[ STABLE  ] Signal: 0.294 | Penalty: 0.016 | RL_Reward: 0.984
[ STABLE  ] Signal: 0.297 | Penalty: 0.014 | RL_Reward: 0.986
[ STABLE  ] Signal: 0.309 | Penalty: 0.020 | RL_Reward: 0.980
[ STABLE  ] Signal: 0.304 | Penalty: 0.017 | RL_Reward: 0.983
[ STABLE  ] Signal: 0.306 | Penalty: 0.018 | RL_Reward: 0.982
[ STABLE  ] Signal: 0.302 | Penalty: 0.015 | RL_Reward: 0.985
[ STABLE  ] Signal: 0.295 | Penalty: 0.015 | RL_Reward: 0.985
[ STABLE  ] Signal: 0.309 | Penalty: 0.019 | RL_Reward: 0.981
[ STABLE  ] Signal: 0.300 | Penalty: 0.013 | RL_Reward: 0.987
[ STABLE  ] Signal: 0.305 | Penalty: 0.016 | RL_Reward: 0.984
[ STABLE  ] Signal: 0.299 | Penalty: 0.012 | RL_Reward: 0.988
[ STABLE  ] Signal: 0.305 | Penalty: 0.015 | RL_Reward: 0.985
[ STABLE  ] Signal: 0.307 | Penalty: 0.016 | RL_Reward: 0.984
[ STABLE  ] Signal: 0.299 | Penalty: 0.011 | RL_Reward: 0.989
[ STABLE  ] Signal: 0.288 | Penalty: 0.018 | RL_Reward: 0.982
[ STABLE  ] Signal: 0.306 | Penalty: 0.016 | RL_Reward: 0.984
[ STABLE  ] Signal: 0.285 | Penalty: 0.020 | RL_Reward: 0.980
[ STABLE  ] Signal: 0.291 | Penalty: 0.016 | RL_Reward: 0.984
[ STABLE  ] Signal: 0.301 | Penalty: 0.013 | RL_Reward: 0.987
[ STABLE  ] Signal: 0.306 | Penalty: 0.016 | RL_Reward: 0.984
[ STABLE  ] Signal: 0.294 | Penalty: 0.014 | RL_Reward: 0.986
[ STABLE  ] Signal: 0.292 | Penalty: 0.015 | RL_Reward: 0.985
[ STABLE  ] Signal: 0.310 | Penalty: 0.018 | RL_Reward: 0.982
[ STABLE  ] Signal: 0.306 | Penalty: 0.014 | RL_Reward: 0.986
[ STABLE  ] Signal: 0.305 | Penalty: 0.014 | RL_Reward: 0.986
[ STABLE  ] Signal: 0.309 | Penalty: 0.016 | RL_Reward: 0.984
[ STABLE  ] Signal: 0.309 | Penalty: 0.015 | RL_Reward: 0.985
[ STABLE  ] Signal: 0.310 | Penalty: 0.016 | RL_Reward: 0.984
[! CHAOS !] Signal: 0.279 | Penalty: 0.025 | RL_Reward: 0.975
[! CHAOS !] Signal: 0.280 | Penalty: 0.025 | RL_Reward: 0.975
[! CHAOS !] Signal: 0.377 | Penalty: 0.069 | RL_Reward: 0.931
[! CHAOS !] Signal: 0.476 | Penalty: 0.153 | RL_Reward: 0.847
[! CHAOS !] Signal: 0.293 | Penalty: 0.062 | RL_Reward: 0.938
[! CHAOS !] Signal: -0.116 | Penalty: 0.372 | RL_Reward: 0.628
[! CHAOS !] Signal: 0.354 | Penalty: 0.162 | RL_Reward: 0.838
[! CHAOS !] Signal: 0.110 | Penalty: 0.244 | RL_Reward: 0.756
[! CHAOS !] Signal: 0.499 | Penalty: 0.269 | RL_Reward: 0.731
[! CHAOS !] Signal: 0.770 | Penalty: 0.470 | RL_Reward: 0.530
[! CHAOS !] Signal: 0.106 | Penalty: 0.322 | RL_Reward: 0.678
[! CHAOS !] Signal: 0.182 | Penalty: 0.277 | RL_Reward: 0.723
[! CHAOS !] Signal: 0.122 | Penalty: 0.315 | RL_Reward: 0.685
[! CHAOS !] Signal: 0.363 | Penalty: 0.251 | RL_Reward: 0.749
[! CHAOS !] Signal: 0.140 | Penalty: 0.307 | RL_Reward: 0.693
[! CHAOS !] Signal: 0.559 | Penalty: 0.383 | RL_Reward: 0.617
[! CHAOS !] Signal: 0.169 | Penalty: 0.307 | RL_Reward: 0.693
[! CHAOS !] Signal: 0.655 | Penalty: 0.458 | RL_Reward: 0.542
[! CHAOS !] Signal: 0.545 | Penalty: 0.395 | RL_Reward: 0.605
[! CHAOS !] Signal: -0.101 | Penalty: 0.524 | RL_Reward: 0.476
[! CHAOS !] Signal: 0.577 | Penalty: 0.449 | RL_Reward: 0.551
[! CHAOS !] Signal: 0.269 | Penalty: 0.316 | RL_Reward: 0.684
[! CHAOS !] Signal: 0.147 | Penalty: 0.390 | RL_Reward: 0.610
[! CHAOS !] Signal: -0.226 | Penalty: 0.637 | RL_Reward: 0.363
[! CHAOS !] Signal: 0.046 | Penalty: 0.474 | RL_Reward: 0.526
[! CHAOS !] Signal: 0.499 | Penalty: 0.466 | RL_Reward: 0.534
[! CHAOS !] Signal: 0.506 | Penalty: 0.471 | RL_Reward: 0.529
[! CHAOS !] Signal: 0.034 | Penalty: 0.501 | RL_Reward: 0.499
[! CHAOS !] Signal: 0.143 | Penalty: 0.434 | RL_Reward: 0.566
[! CHAOS !] Signal: -0.205 | Penalty: 0.656 | RL_Reward: 0.344
[! CHAOS !] Signal: 0.657 | Penalty: 0.620 | RL_Reward: 0.380
[! CHAOS !] Signal: -0.144 | Penalty: 0.649 | RL_Reward: 0.351
[! CHAOS !] Signal: -0.141 | Penalty: 0.650 | RL_Reward: 0.350
[! CHAOS !] Signal: 0.004 | Penalty: 0.553 | RL_Reward: 0.447
[! CHAOS !] Signal: -0.198 | Penalty: 0.679 | RL_Reward: 0.321
[! CHAOS !] Signal: 0.315 | Penalty: 0.479 | RL_Reward: 0.521
[! CHAOS !] Signal: 0.733 | Penalty: 0.742 | RL_Reward: 0.258
[! CHAOS !] Signal: -0.012 | Penalty: 0.596 | RL_Reward: 0.404
[! CHAOS !] Signal: 0.551 | Penalty: 0.641 | RL_Reward: 0.359
[! CHAOS !] Signal: 0.140 | Penalty: 0.471 | RL_Reward: 0.529
[! CHAOS !] Signal: -0.220 | Penalty: 0.696 | RL_Reward: 0.304
[! CHAOS !] Signal: 0.787 | Penalty: 0.807 | RL_Reward: 0.193
[! CHAOS !] Signal: -0.055 | Penalty: 0.638 | RL_Reward: 0.362
[! CHAOS !] Signal: 0.506 | Penalty: 0.649 | RL_Reward: 0.351
[! CHAOS !] Signal: 0.513 | Penalty: 0.651 | RL_Reward: 0.349
[! CHAOS !] Signal: 0.461 | Penalty: 0.618 | RL_Reward: 0.382
[! CHAOS !] Signal: 0.777 | Penalty: 0.817 | RL_Reward: 0.183
[! CHAOS !] Signal: 0.792 | Penalty: 0.832 | RL_Reward: 0.168
[! CHAOS !] Signal: 0.656 | Penalty: 0.754 | RL_Reward: 0.246
[! CHAOS !] Signal: 0.218 | Penalty: 0.539 | RL_Reward: 0.461
[! CHAOS !] Signal: 0.062 | Penalty: 0.618 | RL_Reward: 0.382
[! CHAOS !] Signal: 0.251 | Penalty: 0.504 | RL_Reward: 0.496
[! CHAOS !] Signal: 0.560 | Penalty: 0.684 | RL_Reward: 0.316
[! CHAOS !] Signal: 0.830 | Penalty: 0.828 | RL_Reward: 0.172
[! CHAOS !] Signal: 0.008 | Penalty: 0.688 | RL_Reward: 0.312
[! CHAOS !] Signal: -0.079 | Penalty: 0.736 | RL_Reward: 0.264
[! CHAOS !] Signal: -0.119 | Penalty: 0.754 | RL_Reward: 0.246
[! CHAOS !] Signal: 0.164 | Penalty: 0.584 | RL_Reward: 0.416
[! CHAOS !] Signal: -0.003 | Penalty: 0.685 | RL_Reward: 0.315
[! CHAOS !] Signal: 0.014 | Penalty: 0.668 | RL_Reward: 0.332
[! CHAOS !] Signal: 0.647 | Penalty: 0.743 | RL_Reward: 0.257
[! CHAOS !] Signal: 0.375 | Penalty: 0.558 | RL_Reward: 0.442
[! CHAOS !] Signal: 0.688 | Penalty: 0.726 | RL_Reward: 0.274
[! CHAOS !] Signal: 0.081 | Penalty: 0.637 | RL_Reward: 0.363
[! CHAOS !] Signal: 0.268 | Penalty: 0.514 | RL_Reward: 0.486
[! CHAOS !] Signal: 0.537 | Penalty: 0.599 | RL_Reward: 0.401
[ STABLE  ] Signal: 0.306 | Penalty: 0.477 | RL_Reward: 0.523
[ STABLE  ] Signal: 0.292 | Penalty: 0.482 | RL_Reward: 0.518
[ STABLE  ] Signal: 0.288 | Penalty: 0.476 | RL_Reward: 0.524
[ STABLE  ] Signal: 0.314 | Penalty: 0.461 | RL_Reward: 0.539
[ STABLE  ] Signal: 0.300 | Penalty: 0.453 | RL_Reward: 0.547
[ STABLE  ] Signal: 0.285 | Penalty: 0.434 | RL_Reward: 0.566
[ STABLE  ] Signal: 0.305 | Penalty: 0.415 | RL_Reward: 0.585
[ STABLE  ] Signal: 0.308 | Penalty: 0.406 | RL_Reward: 0.594
[ STABLE  ] Signal: 0.307 | Penalty: 0.400 | RL_Reward: 0.600
[ STABLE  ] Signal: 0.299 | Penalty: 0.400 | RL_Reward: 0.600
[ STABLE  ] Signal: 0.298 | Penalty: 0.370 | RL_Reward: 0.630
[ STABLE  ] Signal: 0.302 | Penalty: 0.343 | RL_Reward: 0.657
[ STABLE  ] Signal: 0.286 | Penalty: 0.326 | RL_Reward: 0.674
[ STABLE  ] Signal: 0.285 | Penalty: 0.323 | RL_Reward: 0.677
[ STABLE  ] Signal: 0.305 | Penalty: 0.324 | RL_Reward: 0.676
[ STABLE  ] Signal: 0.312 | Penalty: 0.327 | RL_Reward: 0.673
[ STABLE  ] Signal: 0.313 | Penalty: 0.324 | RL_Reward: 0.676
[ STABLE  ] Signal: 0.301 | Penalty: 0.287 | RL_Reward: 0.713
[ STABLE  ] Signal: 0.288 | Penalty: 0.264 | RL_Reward: 0.736
[ STABLE  ] Signal: 0.302 | Penalty: 0.245 | RL_Reward: 0.755
[ STABLE  ] Signal: 0.303 | Penalty: 0.208 | RL_Reward: 0.792
[ STABLE  ] Signal: 0.288 | Penalty: 0.215 | RL_Reward: 0.785
[ STABLE  ] Signal: 0.313 | Penalty: 0.188 | RL_Reward: 0.812
[ STABLE  ] Signal: 0.293 | Penalty: 0.185 | RL_Reward: 0.815
[ STABLE  ] Signal: 0.310 | Penalty: 0.142 | RL_Reward: 0.858
[ STABLE  ] Signal: 0.288 | Penalty: 0.152 | RL_Reward: 0.848
[ STABLE  ] Signal: 0.303 | Penalty: 0.092 | RL_Reward: 0.908
[ STABLE  ] Signal: 0.285 | Penalty: 0.079 | RL_Reward: 0.921
[ STABLE  ] Signal: 0.296 | Penalty: 0.072 | RL_Reward: 0.928
[ STABLE  ] Signal: 0.311 | Penalty: 0.021 | RL_Reward: 0.979
[ STABLE  ] Signal: 0.312 | Penalty: 0.022 | RL_Reward: 0.978
[ STABLE  ] Signal: 0.305 | Penalty: 0.017 | RL_Reward: 0.983
[ STABLE  ] Signal: 0.304 | Penalty: 0.016 | RL_Reward: 0.984
[ STABLE  ] Signal: 0.292 | Penalty: 0.019 | RL_Reward: 0.981
[ STABLE  ] Signal: 0.313 | Penalty: 0.022 | RL_Reward: 0.978
[ STABLE  ] Signal: 0.288 | Penalty: 0.021 | RL_Reward: 0.979
[ STABLE  ] Signal: 0.308 | Penalty: 0.018 | RL_Reward: 0.982
[ STABLE  ] Signal: 0.285 | Penalty: 0.023 | RL_Reward: 0.977
[ STABLE  ] Signal: 0.299 | Penalty: 0.015 | RL_Reward: 0.985
[ STABLE  ] Signal: 0.290 | Penalty: 0.020 | RL_Reward: 0.980
[ STABLE  ] Signal: 0.308 | Penalty: 0.020 | RL_Reward: 0.980
[ STABLE  ] Signal: 0.307 | Penalty: 0.019 | RL_Reward: 0.981
[ STABLE  ] Signal: 0.295 | Penalty: 0.017 | RL_Reward: 0.983
[ STABLE  ] Signal: 0.292 | Penalty: 0.019 | RL_Reward: 0.981
[ STABLE  ] Signal: 0.307 | Penalty: 0.018 | RL_Reward: 0.982
[ STABLE  ] Signal: 0.295 | Penalty: 0.017 | RL_Reward: 0.983
[ STABLE  ] Signal: 0.300 | Penalty: 0.014 | RL_Reward: 0.986
[ STABLE  ] Signal: 0.285 | Penalty: 0.022 | RL_Reward: 0.978
[ STABLE  ] Signal: 0.285 | Penalty: 0.022 | RL_Reward: 0.978
[ STABLE  ] Signal: 0.311 | Penalty: 0.022 | RL_Reward: 0.978
[ STABLE  ] Signal: 0.297 | Penalty: 0.015 | RL_Reward: 0.985
[ STABLE  ] Signal: 0.310 | Penalty: 0.021 | RL_Reward: 0.979
[ STABLE  ] Signal: 0.285 | Penalty: 0.023 | RL_Reward: 0.977
[ STABLE  ] Signal: 0.312 | Penalty: 0.022 | RL_Reward: 0.978
[ STABLE  ] Signal: 0.299 | Penalty: 0.014 | RL_Reward: 0.986
[ STABLE  ] Signal: 0.296 | Penalty: 0.016 | RL_Reward: 0.984
[ STABLE  ] Signal: 0.303 | Penalty: 0.016 | RL_Reward: 0.984
[ STABLE  ] Signal: 0.311 | Penalty: 0.020 | RL_Reward: 0.980
[ STABLE  ] Signal: 0.314 | Penalty: 0.022 | RL_Reward: 0.978
[ STABLE  ] Signal: 0.285 | Penalty: 0.023 | RL_Reward: 0.977
[ STABLE  ] Signal: 0.310 | Penalty: 0.021 | RL_Reward: 0.979
[ STABLE  ] Signal: 0.300 | Penalty: 0.015 | RL_Reward: 0.985
[ STABLE  ] Signal: 0.307 | Penalty: 0.019 | RL_Reward: 0.981
[ STABLE  ] Signal: 0.289 | Penalty: 0.021 | RL_Reward: 0.979
[ STABLE  ] Signal: 0.286 | Penalty: 0.022 | RL_Reward: 0.978
[ STABLE  ] Signal: 0.311 | Penalty: 0.022 | RL_Reward: 0.978
[ STABLE  ] Signal: 0.307 | Penalty: 0.019 | RL_Reward: 0.981
[! CHAOS !] Signal: 0.118 | Penalty: 0.156 | RL_Reward: 0.844
[! CHAOS !] Signal: 0.515 | Penalty: 0.207 | RL_Reward: 0.793
[! CHAOS !] Signal: 0.720 | Penalty: 0.380 | RL_Reward: 0.620
[! CHAOS !] Signal: 0.268 | Penalty: 0.165 | RL_Reward: 0.835
[! CHAOS !] Signal: 0.373 | Penalty: 0.173 | RL_Reward: 0.827
[! CHAOS !] Signal: -0.161 | Penalty: 0.466 | RL_Reward: 0.534
[! CHAOS !] Signal: 0.456 | Penalty: 0.283 | RL_Reward: 0.717
[! CHAOS !] Signal: 0.769 | Penalty: 0.499 | RL_Reward: 0.501
[! CHAOS !] Signal: 0.780 | Penalty: 0.526 | RL_Reward: 0.474
[! CHAOS !] Signal: 0.405 | Penalty: 0.299 | RL_Reward: 0.701
[! CHAOS !] Signal: 0.782 | Penalty: 0.541 | RL_Reward: 0.459
[! CHAOS !] Signal: 0.243 | Penalty: 0.356 | RL_Reward: 0.644
[! CHAOS !] Signal: 0.324 | Penalty: 0.307 | RL_Reward: 0.693
[! CHAOS !] Signal: 0.445 | Penalty: 0.337 | RL_Reward: 0.663
[! CHAOS !] Signal: -0.040 | Penalty: 0.541 | RL_Reward: 0.459
[! CHAOS !] Signal: -0.177 | Penalty: 0.645 | RL_Reward: 0.355
[! CHAOS !] Signal: 0.805 | Penalty: 0.633 | RL_Reward: 0.367
[! CHAOS !] Signal: 0.180 | Penalty: 0.464 | RL_Reward: 0.536
[! CHAOS !] Signal: 0.645 | Penalty: 0.544 | RL_Reward: 0.456
[! CHAOS !] Signal: 0.795 | Penalty: 0.641 | RL_Reward: 0.359
[! CHAOS !] Signal: 0.655 | Penalty: 0.557 | RL_Reward: 0.443
[! CHAOS !] Signal: 0.244 | Penalty: 0.482 | RL_Reward: 0.518
[! CHAOS !] Signal: 0.498 | Penalty: 0.462 | RL_Reward: 0.538
[! CHAOS !] Signal: 0.023 | Penalty: 0.625 | RL_Reward: 0.375
[! CHAOS !] Signal: 0.403 | Penalty: 0.419 | RL_Reward: 0.581
[! CHAOS !] Signal: 0.024 | Penalty: 0.631 | RL_Reward: 0.369
[! CHAOS !] Signal: 0.410 | Penalty: 0.437 | RL_Reward: 0.563
[! CHAOS !] Signal: 0.091 | Penalty: 0.596 | RL_Reward: 0.404
[! CHAOS !] Signal: 0.606 | Penalty: 0.564 | RL_Reward: 0.436
[! CHAOS !] Signal: 0.794 | Penalty: 0.680 | RL_Reward: 0.320
[! CHAOS !] Signal: 0.293 | Penalty: 0.505 | RL_Reward: 0.495
[! CHAOS !] Signal: 0.090 | Penalty: 0.625 | RL_Reward: 0.375
[! CHAOS !] Signal: -0.213 | Penalty: 0.807 | RL_Reward: 0.193
[! CHAOS !] Signal: -0.171 | Penalty: 0.794 | RL_Reward: 0.206
[! CHAOS !] Signal: 0.485 | Penalty: 0.567 | RL_Reward: 0.433
[! CHAOS !] Signal: -0.101 | Penalty: 0.753 | RL_Reward: 0.247
[! CHAOS !] Signal: 0.379 | Penalty: 0.499 | RL_Reward: 0.501
[! CHAOS !] Signal: 0.060 | Penalty: 0.631 | RL_Reward: 0.369
[! CHAOS !] Signal: 0.457 | Penalty: 0.542 | RL_Reward: 0.458
[! CHAOS !] Signal: -0.033 | Penalty: 0.665 | RL_Reward: 0.335
[! CHAOS !] Signal: 0.405 | Penalty: 0.517 | RL_Reward: 0.483
[! CHAOS !] Signal: 0.637 | Penalty: 0.658 | RL_Reward: 0.342
[! CHAOS !] Signal: -0.077 | Penalty: 0.685 | RL_Reward: 0.315
[! CHAOS !] Signal: 0.076 | Penalty: 0.587 | RL_Reward: 0.413
[! CHAOS !] Signal: 0.095 | Penalty: 0.573 | RL_Reward: 0.427
[! CHAOS !] Signal: 0.362 | Penalty: 0.484 | RL_Reward: 0.516
[! CHAOS !] Signal: 0.822 | Penalty: 0.761 | RL_Reward: 0.239
[! CHAOS !] Signal: 0.745 | Penalty: 0.718 | RL_Reward: 0.282
[! CHAOS !] Signal: 0.003 | Penalty: 0.635 | RL_Reward: 0.365
[! CHAOS !] Signal: 0.703 | Penalty: 0.699 | RL_Reward: 0.301
[! CHAOS !] Signal: 0.033 | Penalty: 0.589 | RL_Reward: 0.411
[! CHAOS !] Signal: -0.033 | Penalty: 0.631 | RL_Reward: 0.369
[! CHAOS !] Signal: -0.095 | Penalty: 0.661 | RL_Reward: 0.339
[! CHAOS !] Signal: 0.367 | Penalty: 0.523 | RL_Reward: 0.477
[! CHAOS !] Signal: 0.626 | Penalty: 0.684 | RL_Reward: 0.316
[! CHAOS !] Signal: 0.227 | Penalty: 0.485 | RL_Reward: 0.515
[! CHAOS !] Signal: 0.126 | Penalty: 0.540 | RL_Reward: 0.460
[! CHAOS !] Signal: 0.849 | Penalty: 0.823 | RL_Reward: 0.177
[! CHAOS !] Signal: 0.504 | Penalty: 0.614 | RL_Reward: 0.386
[! CHAOS !] Signal: 0.478 | Penalty: 0.586 | RL_Reward: 0.414
[! CHAOS !] Signal: 0.552 | Penalty: 0.632 | RL_Reward: 0.368
[! CHAOS !] Signal: 0.111 | Penalty: 0.568 | RL_Reward: 0.432
[! CHAOS !] Signal: 0.705 | Penalty: 0.697 | RL_Reward: 0.303
[! CHAOS !] Signal: 0.820 | Penalty: 0.746 | RL_Reward: 0.254
[! CHAOS !] Signal: -0.034 | Penalty: 0.684 | RL_Reward: 0.316
[! CHAOS !] Signal: 0.244 | Penalty: 0.510 | RL_Reward: 0.490
[! CHAOS !] Signal: 0.231 | Penalty: 0.516 | RL_Reward: 0.484
[ STABLE  ] Signal: 0.285 | Penalty: 0.482 | RL_Reward: 0.518
[ STABLE  ] Signal: 0.285 | Penalty: 0.477 | RL_Reward: 0.523
[ STABLE  ] Signal: 0.289 | Penalty: 0.470 | RL_Reward: 0.530
[ STABLE  ] Signal: 0.291 | Penalty: 0.466 | RL_Reward: 0.534
[ STABLE  ] Signal: 0.304 | Penalty: 0.444 | RL_Reward: 0.556
[ STABLE  ] Signal: 0.312 | Penalty: 0.432 | RL_Reward: 0.568
[ STABLE  ] Signal: 0.289 | Penalty: 0.443 | RL_Reward: 0.557
[ STABLE  ] Signal: 0.314 | Penalty: 0.427 | RL_Reward: 0.573
[ STABLE  ] Signal: 0.307 | Penalty: 0.430 | RL_Reward: 0.570
[ STABLE  ] Signal: 0.300 | Penalty: 0.402 | RL_Reward: 0.598
[ STABLE  ] Signal: 0.298 | Penalty: 0.377 | RL_Reward: 0.623
[ STABLE  ] Signal: 0.307 | Penalty: 0.367 | RL_Reward: 0.633
[ STABLE  ] Signal: 0.301 | Penalty: 0.347 | RL_Reward: 0.653
[ STABLE  ] Signal: 0.297 | Penalty: 0.345 | RL_Reward: 0.655
[ STABLE  ] Signal: 0.288 | Penalty: 0.341 | RL_Reward: 0.659
[ STABLE  ] Signal: 0.292 | Penalty: 0.323 | RL_Reward: 0.677
[ STABLE  ] Signal: 0.312 | Penalty: 0.310 | RL_Reward: 0.690
[ STABLE  ] Signal: 0.308 | Penalty: 0.295 | RL_Reward: 0.705
[ STABLE  ] Signal: 0.285 | Penalty: 0.309 | RL_Reward: 0.691
[ STABLE  ] Signal: 0.292 | Penalty: 0.302 | RL_Reward: 0.698
[ STABLE  ] Signal: 0.311 | Penalty: 0.241 | RL_Reward: 0.759
[ STABLE  ] Signal: 0.301 | Penalty: 0.237 | RL_Reward: 0.763
[ STABLE  ] Signal: 0.304 | Penalty: 0.228 | RL_Reward: 0.772
[ STABLE  ] Signal: 0.303 | Penalty: 0.214 | RL_Reward: 0.786
[ STABLE  ] Signal: 0.296 | Penalty: 0.214 | RL_Reward: 0.786
[ STABLE  ] Signal: 0.292 | Penalty: 0.177 | RL_Reward: 0.823
[ STABLE  ] Signal: 0.311 | Penalty: 0.109 | RL_Reward: 0.891
[ STABLE  ] Signal: 0.295 | Penalty: 0.027 | RL_Reward: 0.973
[ STABLE  ] Signal: 0.298 | Penalty: 0.023 | RL_Reward: 0.977
[ STABLE  ] Signal: 0.313 | Penalty: 0.022 | RL_Reward: 0.978
[ STABLE  ] Signal: 0.309 | Penalty: 0.019 | RL_Reward: 0.981
[ STABLE  ] Signal: 0.285 | Penalty: 0.022 | RL_Reward: 0.978
[ STABLE  ] Signal: 0.302 | Penalty: 0.014 | RL_Reward: 0.986
[ STABLE  ] Signal: 0.303 | Penalty: 0.014 | RL_Reward: 0.986
[ STABLE  ] Signal: 0.285 | Penalty: 0.023 | RL_Reward: 0.977
[ STABLE  ] Signal: 0.289 | Penalty: 0.020 | RL_Reward: 0.980
[ STABLE  ] Signal: 0.289 | Penalty: 0.020 | RL_Reward: 0.980
[ STABLE  ] Signal: 0.305 | Penalty: 0.016 | RL_Reward: 0.984
[ STABLE  ] Signal: 0.294 | Penalty: 0.016 | RL_Reward: 0.984
[ STABLE  ] Signal: 0.300 | Penalty: 0.013 | RL_Reward: 0.987
[ STABLE  ] Signal: 0.303 | Penalty: 0.015 | RL_Reward: 0.985
[ STABLE  ] Signal: 0.306 | Penalty: 0.017 | RL_Reward: 0.983
[ STABLE  ] Signal: 0.296 | Penalty: 0.014 | RL_Reward: 0.986
[ STABLE  ] Signal: 0.304 | Penalty: 0.016 | RL_Reward: 0.984
[ STABLE  ] Signal: 0.296 | Penalty: 0.014 | RL_Reward: 0.986
[ STABLE  ] Signal: 0.307 | Penalty: 0.017 | RL_Reward: 0.983
[ STABLE  ] Signal: 0.302 | Penalty: 0.013 | RL_Reward: 0.987
[ STABLE  ] Signal: 0.287 | Penalty: 0.019 | RL_Reward: 0.981
[ STABLE  ] Signal: 0.309 | Penalty: 0.017 | RL_Reward: 0.983
[ STABLE  ] Signal: 0.290 | Penalty: 0.018 | RL_Reward: 0.982
[ STABLE  ] Signal: 0.286 | Penalty: 0.020 | RL_Reward: 0.980
[ STABLE  ] Signal: 0.298 | Penalty: 0.012 | RL_Reward: 0.988
[ STABLE  ] Signal: 0.290 | Penalty: 0.017 | RL_Reward: 0.983
[ STABLE  ] Signal: 0.313 | Penalty: 0.021 | RL_Reward: 0.979
[ STABLE  ] Signal: 0.291 | Penalty: 0.017 | RL_Reward: 0.983
[ STABLE  ] Signal: 0.297 | Penalty: 0.014 | RL_Reward: 0.986
[ STABLE  ] Signal: 0.302 | Penalty: 0.015 | RL_Reward: 0.985
[ STABLE  ] Signal: 0.303 | Penalty: 0.015 | RL_Reward: 0.985
[ STABLE  ] Signal: 0.307 | Penalty: 0.017 | RL_Reward: 0.983
[ STABLE  ] Signal: 0.292 | Penalty: 0.016 | RL_Reward: 0.984
[ STABLE  ] Signal: 0.309 | Penalty: 0.019 | RL_Reward: 0.981
[ STABLE  ] Signal: 0.298 | Penalty: 0.012 | RL_Reward: 0.988
[ STABLE  ] Signal: 0.290 | Penalty: 0.016 | RL_Reward: 0.984
[ STABLE  ] Signal: 0.314 | Penalty: 0.022 | RL_Reward: 0.978
[ STABLE  ] Signal: 0.312 | Penalty: 0.020 | RL_Reward: 0.980
[ STABLE  ] Signal: 0.311 | Penalty: 0.019 | RL_Reward: 0.981
[! CHAOS !] Signal: 0.252 | Penalty: 0.046 | RL_Reward: 0.954
[! CHAOS !] Signal: 0.417 | Penalty: 0.105 | RL_Reward: 0.895
[! CHAOS !] Signal: -0.105 | Penalty: 0.352 | RL_Reward: 0.648
[! CHAOS !] Signal: 0.313 | Penalty: 0.130 | RL_Reward: 0.870
[! CHAOS !] Signal: 0.490 | Penalty: 0.244 | RL_Reward: 0.756
[! CHAOS !] Signal: 0.348 | Penalty: 0.159 | RL_Reward: 0.841
[! CHAOS !] Signal: 0.346 | Penalty: 0.157 | RL_Reward: 0.843
[! CHAOS !] Signal: 0.401 | Penalty: 0.191 | RL_Reward: 0.809
[! CHAOS !] Signal: 0.657 | Penalty: 0.369 | RL_Reward: 0.631
[! CHAOS !] Signal: 0.517 | Penalty: 0.289 | RL_Reward: 0.711
[! CHAOS !] Signal: 0.847 | Penalty: 0.527 | RL_Reward: 0.473
[! CHAOS !] Signal: 0.428 | Penalty: 0.274 | RL_Reward: 0.726
[! CHAOS !] Signal: 0.600 | Penalty: 0.381 | RL_Reward: 0.619
[! CHAOS !] Signal: 0.259 | Penalty: 0.290 | RL_Reward: 0.710
[! CHAOS !] Signal: 0.080 | Penalty: 0.404 | RL_Reward: 0.596
[! CHAOS !] Signal: 0.410 | Penalty: 0.281 | RL_Reward: 0.719
[! CHAOS !] Signal: 0.666 | Penalty: 0.441 | RL_Reward: 0.559
[! CHAOS !] Signal: 0.211 | Penalty: 0.350 | RL_Reward: 0.650
[! CHAOS !] Signal: 0.043 | Penalty: 0.459 | RL_Reward: 0.541
[! CHAOS !] Signal: -0.141 | Penalty: 0.591 | RL_Reward: 0.409
[! CHAOS !] Signal: 0.703 | Penalty: 0.532 | RL_Reward: 0.468
[! CHAOS !] Signal: -0.052 | Penalty: 0.571 | RL_Reward: 0.429
[! CHAOS !] Signal: 0.080 | Penalty: 0.495 | RL_Reward: 0.505
[! CHAOS !] Signal: 0.784 | Penalty: 0.628 | RL_Reward: 0.372
[! CHAOS !] Signal: 0.693 | Penalty: 0.577 | RL_Reward: 0.423
[! CHAOS !] Signal: 0.239 | Penalty: 0.449 | RL_Reward: 0.551
[! CHAOS !] Signal: 0.138 | Penalty: 0.511 | RL_Reward: 0.489
[! CHAOS !] Signal: -0.219 | Penalty: 0.744 | RL_Reward: 0.256
[! CHAOS !] Signal: 0.642 | Penalty: 0.598 | RL_Reward: 0.402
[! CHAOS !] Signal: -0.149 | Penalty: 0.728 | RL_Reward: 0.272
[! CHAOS !] Signal: 0.124 | Penalty: 0.565 | RL_Reward: 0.435
[! CHAOS !] Signal: 0.044 | Penalty: 0.611 | RL_Reward: 0.389
[! CHAOS !] Signal: 0.043 | Penalty: 0.606 | RL_Reward: 0.394
[! CHAOS !] Signal: 0.715 | Penalty: 0.684 | RL_Reward: 0.316
[! CHAOS !] Signal: 0.099 | Penalty: 0.587 | RL_Reward: 0.413
[! CHAOS !] Signal: -0.085 | Penalty: 0.702 | RL_Reward: 0.298
[! CHAOS !] Signal: -0.013 | Penalty: 0.659 | RL_Reward: 0.341
[! CHAOS !] Signal: 0.708 | Penalty: 0.731 | RL_Reward: 0.269
[! CHAOS !] Signal: -0.109 | Penalty: 0.721 | RL_Reward: 0.279
[! CHAOS !] Signal: 0.798 | Penalty: 0.813 | RL_Reward: 0.187
[! CHAOS !] Signal: 0.193 | Penalty: 0.524 | RL_Reward: 0.476
[! CHAOS !] Signal: 0.279 | Penalty: 0.491 | RL_Reward: 0.509
[! CHAOS !] Signal: -0.235 | Penalty: 0.767 | RL_Reward: 0.233
[! CHAOS !] Signal: 0.439 | Penalty: 0.611 | RL_Reward: 0.389
[! CHAOS !] Signal: 0.259 | Penalty: 0.498 | RL_Reward: 0.502
[! CHAOS !] Signal: 0.838 | Penalty: 0.861 | RL_Reward: 0.139
[! CHAOS !] Signal: 0.204 | Penalty: 0.523 | RL_Reward: 0.477
[! CHAOS !] Signal: 0.593 | Penalty: 0.711 | RL_Reward: 0.289
[! CHAOS !] Signal: 0.551 | Penalty: 0.678 | RL_Reward: 0.322
[! CHAOS !] Signal: 0.221 | Penalty: 0.536 | RL_Reward: 0.464
[! CHAOS !] Signal: 0.166 | Penalty: 0.545 | RL_Reward: 0.455
[! CHAOS !] Signal: 0.714 | Penalty: 0.745 | RL_Reward: 0.255
[! CHAOS !] Signal: -0.173 | Penalty: 0.778 | RL_Reward: 0.222
[! CHAOS !] Signal: 0.562 | Penalty: 0.662 | RL_Reward: 0.338
[! CHAOS !] Signal: -0.145 | Penalty: 0.725 | RL_Reward: 0.275
[! CHAOS !] Signal: -0.139 | Penalty: 0.725 | RL_Reward: 0.275
[! CHAOS !] Signal: 0.762 | Penalty: 0.823 | RL_Reward: 0.177
[! CHAOS !] Signal: 0.032 | Penalty: 0.646 | RL_Reward: 0.354
[! CHAOS !] Signal: 0.242 | Penalty: 0.501 | RL_Reward: 0.499
[! CHAOS !] Signal: 0.373 | Penalty: 0.546 | RL_Reward: 0.454
[! CHAOS !] Signal: 0.551 | Penalty: 0.648 | RL_Reward: 0.352
[! CHAOS !] Signal: -0.126 | Penalty: 0.738 | RL_Reward: 0.262
[! CHAOS !] Signal: -0.246 | Penalty: 0.820 | RL_Reward: 0.180
[! CHAOS !] Signal: -0.113 | Penalty: 0.718 | RL_Reward: 0.282
[! CHAOS !] Signal: 0.452 | Penalty: 0.628 | RL_Reward: 0.372
[! CHAOS !] Signal: -0.046 | Penalty: 0.685 | RL_Reward: 0.315
[! CHAOS !] Signal: -0.087 | Penalty: 0.711 | RL_Reward: 0.289
[ STABLE  ] Signal: 0.296 | Penalty: 0.528 | RL_Reward: 0.472
[ STABLE  ] Signal: 0.288 | Penalty: 0.506 | RL_Reward: 0.494
[ STABLE  ] Signal: 0.300 | Penalty: 0.499 | RL_Reward: 0.501
[ STABLE  ] Signal: 0.311 | Penalty: 0.504 | RL_Reward: 0.496
[ STABLE  ] Signal: 0.294 | Penalty: 0.493 | RL_Reward: 0.507
[ STABLE  ] Signal: 0.311 | Penalty: 0.474 | RL_Reward: 0.526
[ STABLE  ] Signal: 0.311 | Penalty: 0.474 | RL_Reward: 0.526
[ STABLE  ] Signal: 0.314 | Penalty: 0.475 | RL_Reward: 0.525
[ STABLE  ] Signal: 0.308 | Penalty: 0.451 | RL_Reward: 0.549
[ STABLE  ] Signal: 0.303 | Penalty: 0.446 | RL_Reward: 0.554
[ STABLE  ] Signal: 0.312 | Penalty: 0.446 | RL_Reward: 0.554
[ STABLE  ] Signal: 0.309 | Penalty: 0.439 | RL_Reward: 0.561
[ STABLE  ] Signal: 0.292 | Penalty: 0.428 | RL_Reward: 0.572
[ STABLE  ] Signal: 0.301 | Penalty: 0.431 | RL_Reward: 0.569
[ STABLE  ] Signal: 0.303 | Penalty: 0.417 | RL_Reward: 0.583
[ STABLE  ] Signal: 0.300 | Penalty: 0.390 | RL_Reward: 0.610
[ STABLE  ] Signal: 0.299 | Penalty: 0.383 | RL_Reward: 0.617
[ STABLE  ] Signal: 0.289 | Penalty: 0.352 | RL_Reward: 0.648
[ STABLE  ] Signal: 0.294 | Penalty: 0.329 | RL_Reward: 0.671
[ STABLE  ] Signal: 0.305 | Penalty: 0.310 | RL_Reward: 0.690
[ STABLE  ] Signal: 0.308 | Penalty: 0.301 | RL_Reward: 0.699
[ STABLE  ] Signal: 0.288 | Penalty: 0.289 | RL_Reward: 0.711
[ STABLE  ] Signal: 0.299 | Penalty: 0.295 | RL_Reward: 0.705
[ STABLE  ] Signal: 0.292 | Penalty: 0.282 | RL_Reward: 0.718
[ STABLE  ] Signal: 0.287 | Penalty: 0.249 | RL_Reward: 0.751
[ STABLE  ] Signal: 0.302 | Penalty: 0.201 | RL_Reward: 0.799
[ STABLE  ] Signal: 0.291 | Penalty: 0.152 | RL_Reward: 0.848
[ STABLE  ] Signal: 0.294 | Penalty: 0.149 | RL_Reward: 0.851
[ STABLE  ] Signal: 0.307 | Penalty: 0.117 | RL_Reward: 0.883
[ STABLE  ] Signal: 0.303 | Penalty: 0.014 | RL_Reward: 0.986
[ STABLE  ] Signal: 0.309 | Penalty: 0.017 | RL_Reward: 0.983
[ STABLE  ] Signal: 0.298 | Penalty: 0.014 | RL_Reward: 0.986
[ STABLE  ] Signal: 0.303 | Penalty: 0.013 | RL_Reward: 0.987
[ STABLE  ] Signal: 0.297 | Penalty: 0.014 | RL_Reward: 0.986
[ STABLE  ] Signal: 0.299 | Penalty: 0.012 | RL_Reward: 0.988
[ STABLE  ] Signal: 0.312 | Penalty: 0.018 | RL_Reward: 0.982
[ STABLE  ] Signal: 0.313 | Penalty: 0.019 | RL_Reward: 0.981
[ STABLE  ] Signal: 0.301 | Penalty: 0.011 | RL_Reward: 0.989
[ STABLE  ] Signal: 0.296 | Penalty: 0.013 | RL_Reward: 0.987
[ STABLE  ] Signal: 0.285 | Penalty: 0.020 | RL_Reward: 0.980
[ STABLE  ] Signal: 0.297 | Penalty: 0.012 | RL_Reward: 0.988
[ STABLE  ] Signal: 0.303 | Penalty: 0.013 | RL_Reward: 0.987
[ STABLE  ] Signal: 0.293 | Penalty: 0.014 | RL_Reward: 0.986
[ STABLE  ] Signal: 0.313 | Penalty: 0.019 | RL_Reward: 0.981
[ STABLE  ] Signal: 0.313 | Penalty: 0.020 | RL_Reward: 0.980
[ STABLE  ] Signal: 0.290 | Penalty: 0.018 | RL_Reward: 0.982
[ STABLE  ] Signal: 0.304 | Penalty: 0.015 | RL_Reward: 0.985
[ STABLE  ] Signal: 0.304 | Penalty: 0.014 | RL_Reward: 0.986
[ STABLE  ] Signal: 0.288 | Penalty: 0.019 | RL_Reward: 0.981
[ STABLE  ] Signal: 0.301 | Penalty: 0.013 | RL_Reward: 0.987
[ STABLE  ] Signal: 0.314 | Penalty: 0.021 | RL_Reward: 0.979
[ STABLE  ] Signal: 0.301 | Penalty: 0.013 | RL_Reward: 0.987
[ STABLE  ] Signal: 0.291 | Penalty: 0.018 | RL_Reward: 0.982
[ STABLE  ] Signal: 0.305 | Penalty: 0.015 | RL_Reward: 0.985
[ STABLE  ] Signal: 0.307 | Penalty: 0.015 | RL_Reward: 0.985
[ STABLE  ] Signal: 0.285 | Penalty: 0.022 | RL_Reward: 0.978
[ STABLE  ] Signal: 0.289 | Penalty: 0.020 | RL_Reward: 0.980
[ STABLE  ] Signal: 0.310 | Penalty: 0.018 | RL_Reward: 0.982
[ STABLE  ] Signal: 0.306 | Penalty: 0.016 | RL_Reward: 0.984
[ STABLE  ] Signal: 0.296 | Penalty: 0.016 | RL_Reward: 0.984
[ STABLE  ] Signal: 0.314 | Penalty: 0.021 | RL_Reward: 0.979
[ STABLE  ] Signal: 0.291 | Penalty: 0.019 | RL_Reward: 0.981
[ STABLE  ] Signal: 0.295 | Penalty: 0.017 | RL_Reward: 0.983
[ STABLE  ] Signal: 0.301 | Penalty: 0.014 | RL_Reward: 0.986
[ STABLE  ] Signal: 0.288 | Penalty: 0.021 | RL_Reward: 0.979
[ STABLE  ] Signal: 0.288 | Penalty: 0.021 | RL_Reward: 0.979
[ STABLE  ] Signal: 0.290 | Penalty: 0.019 | RL_Reward: 0.981
[! CHAOS !] Signal: 0.278 | Penalty: 0.026 | RL_Reward: 0.974
[! CHAOS !] Signal: -0.169 | Penalty: 0.397 | RL_Reward: 0.603
[! CHAOS !] Signal: 0.655 | Penalty: 0.378 | RL_Reward: 0.622
[! CHAOS !] Signal: 0.279 | Penalty: 0.171 | RL_Reward: 0.829
[! CHAOS !] Signal: 0.287 | Penalty: 0.166 | RL_Reward: 0.834
[! CHAOS !] Signal: 0.747 | Penalty: 0.465 | RL_Reward: 0.535
[! CHAOS !] Signal: 0.736 | Penalty: 0.481 | RL_Reward: 0.519
[! CHAOS !] Signal: 0.807 | Penalty: 0.548 | RL_Reward: 0.452
[! CHAOS !] Signal: 0.527 | Penalty: 0.379 | RL_Reward: 0.621
[! CHAOS !] Signal: -0.068 | Penalty: 0.535 | RL_Reward: 0.465
[! CHAOS !] Signal: -0.196 | Penalty: 0.635 | RL_Reward: 0.365
[! CHAOS !] Signal: 0.356 | Penalty: 0.348 | RL_Reward: 0.652
[! CHAOS !] Signal: 0.507 | Penalty: 0.438 | RL_Reward: 0.562
[! CHAOS !] Signal: -0.221 | Penalty: 0.680 | RL_Reward: 0.320
[! CHAOS !] Signal: 0.430 | Penalty: 0.433 | RL_Reward: 0.567
[! CHAOS !] Signal: 0.691 | Penalty: 0.595 | RL_Reward: 0.405
[! CHAOS !] Signal: 0.816 | Penalty: 0.682 | RL_Reward: 0.318
[! CHAOS !] Signal: 0.702 | Penalty: 0.617 | RL_Reward: 0.383
[! CHAOS !] Signal: -0.117 | Penalty: 0.706 | RL_Reward: 0.294
[! CHAOS !] Signal: 0.310 | Penalty: 0.450 | RL_Reward: 0.550
[! CHAOS !] Signal: 0.740 | Penalty: 0.671 | RL_Reward: 0.329
[! CHAOS !] Signal: 0.666 | Penalty: 0.627 | RL_Reward: 0.373
[! CHAOS !] Signal: -0.118 | Penalty: 0.753 | RL_Reward: 0.247
[! CHAOS !] Signal: 0.756 | Penalty: 0.711 | RL_Reward: 0.289
[! CHAOS !] Signal: 0.464 | Penalty: 0.532 | RL_Reward: 0.468
[! CHAOS !] Signal: 0.135 | Penalty: 0.626 | RL_Reward: 0.374
[! CHAOS !] Signal: 0.297 | Penalty: 0.529 | RL_Reward: 0.471
[! CHAOS !] Signal: 0.277 | Penalty: 0.541 | RL_Reward: 0.459
[! CHAOS !] Signal: 0.285 | Penalty: 0.536 | RL_Reward: 0.464
[! CHAOS !] Signal: 0.508 | Penalty: 0.563 | RL_Reward: 0.437
[! CHAOS !] Signal: 0.133 | Penalty: 0.634 | RL_Reward: 0.366
[! CHAOS !] Signal: 0.260 | Penalty: 0.543 | RL_Reward: 0.457
[! CHAOS !] Signal: 0.192 | Penalty: 0.572 | RL_Reward: 0.428
[! CHAOS !] Signal: 0.524 | Penalty: 0.550 | RL_Reward: 0.450
[! CHAOS !] Signal: 0.254 | Penalty: 0.540 | RL_Reward: 0.460
[! CHAOS !] Signal: 0.521 | Penalty: 0.544 | RL_Reward: 0.456
[! CHAOS !] Signal: -0.178 | Penalty: 0.779 | RL_Reward: 0.221
[! CHAOS !] Signal: 0.155 | Penalty: 0.550 | RL_Reward: 0.450
[! CHAOS !] Signal: -0.070 | Penalty: 0.681 | RL_Reward: 0.319
[! CHAOS !] Signal: 0.821 | Penalty: 0.762 | RL_Reward: 0.238
[! CHAOS !] Signal: 0.829 | Penalty: 0.742 | RL_Reward: 0.258
[! CHAOS !] Signal: 0.567 | Penalty: 0.583 | RL_Reward: 0.417
[! CHAOS !] Signal: 0.531 | Penalty: 0.562 | RL_Reward: 0.438
[! CHAOS !] Signal: 0.630 | Penalty: 0.579 | RL_Reward: 0.421
[! CHAOS !] Signal: 0.441 | Penalty: 0.465 | RL_Reward: 0.535
[! CHAOS !] Signal: 0.825 | Penalty: 0.701 | RL_Reward: 0.299
[! CHAOS !] Signal: 0.550 | Penalty: 0.528 | RL_Reward: 0.472
[! CHAOS !] Signal: 0.696 | Penalty: 0.616 | RL_Reward: 0.384
[! CHAOS !] Signal: -0.118 | Penalty: 0.744 | RL_Reward: 0.256
[! CHAOS !] Signal: 0.618 | Penalty: 0.566 | RL_Reward: 0.434
[! CHAOS !] Signal: 0.008 | Penalty: 0.666 | RL_Reward: 0.334
[! CHAOS !] Signal: 0.476 | Penalty: 0.496 | RL_Reward: 0.504
[! CHAOS !] Signal: 0.628 | Penalty: 0.555 | RL_Reward: 0.445
[! CHAOS !] Signal: 0.116 | Penalty: 0.571 | RL_Reward: 0.429
[! CHAOS !] Signal: 0.618 | Penalty: 0.557 | RL_Reward: 0.443
[! CHAOS !] Signal: 0.604 | Penalty: 0.538 | RL_Reward: 0.462
[! CHAOS !] Signal: -0.047 | Penalty: 0.693 | RL_Reward: 0.307
[! CHAOS !] Signal: -0.087 | Penalty: 0.728 | RL_Reward: 0.272
[! CHAOS !] Signal: -0.228 | Penalty: 0.830 | RL_Reward: 0.170
[! CHAOS !] Signal: -0.039 | Penalty: 0.716 | RL_Reward: 0.284
[! CHAOS !] Signal: 0.543 | Penalty: 0.600 | RL_Reward: 0.400
[! CHAOS !] Signal: 0.698 | Penalty: 0.692 | RL_Reward: 0.308
[! CHAOS !] Signal: 0.507 | Penalty: 0.570 | RL_Reward: 0.430
[! CHAOS !] Signal: 0.081 | Penalty: 0.669 | RL_Reward: 0.331
[! CHAOS !] Signal: 0.169 | Penalty: 0.616 | RL_Reward: 0.384
[! CHAOS !] Signal: 0.362 | Penalty: 0.501 | RL_Reward: 0.499
[ STABLE  ] Signal: 0.307 | Penalty: 0.515 | RL_Reward: 0.485
[ STABLE  ] Signal: 0.297 | Penalty: 0.521 | RL_Reward: 0.479
[ STABLE  ] Signal: 0.305 | Penalty: 0.507 | RL_Reward: 0.493
[ STABLE  ] Signal: 0.308 | Penalty: 0.480 | RL_Reward: 0.520
[ STABLE  ] Signal: 0.303 | Penalty: 0.454 | RL_Reward: 0.546
[ STABLE  ] Signal: 0.314 | Penalty: 0.438 | RL_Reward: 0.562
[ STABLE  ] Signal: 0.307 | Penalty: 0.435 | RL_Reward: 0.565
[ STABLE  ] Signal: 0.287 | Penalty: 0.432 | RL_Reward: 0.568
[ STABLE  ] Signal: 0.313 | Penalty: 0.413 | RL_Reward: 0.587
[ STABLE  ] Signal: 0.291 | Penalty: 0.391 | RL_Reward: 0.609
[ STABLE  ] Signal: 0.307 | Penalty: 0.381 | RL_Reward: 0.619
[ STABLE  ] Signal: 0.302 | Penalty: 0.369 | RL_Reward: 0.631
[ STABLE  ] Signal: 0.288 | Penalty: 0.347 | RL_Reward: 0.653
[ STABLE  ] Signal: 0.287 | Penalty: 0.329 | RL_Reward: 0.671
[ STABLE  ] Signal: 0.289 | Penalty: 0.324 | RL_Reward: 0.676
[ STABLE  ] Signal: 0.301 | Penalty: 0.321 | RL_Reward: 0.679
[ STABLE  ] Signal: 0.285 | Penalty: 0.304 | RL_Reward: 0.696
[ STABLE  ] Signal: 0.310 | Penalty: 0.312 | RL_Reward: 0.688
[ STABLE  ] Signal: 0.300 | Penalty: 0.298 | RL_Reward: 0.702
[ STABLE  ] Signal: 0.313 | Penalty: 0.297 | RL_Reward: 0.703
[ STABLE  ] Signal: 0.309 | Penalty: 0.273 | RL_Reward: 0.727
[ STABLE  ] Signal: 0.301 | Penalty: 0.239 | RL_Reward: 0.761
[ STABLE  ] Signal: 0.290 | Penalty: 0.193 | RL_Reward: 0.807
[ STABLE  ] Signal: 0.300 | Penalty: 0.166 | RL_Reward: 0.834
[ STABLE  ] Signal: 0.309 | Penalty: 0.143 | RL_Reward: 0.857
[ STABLE  ] Signal: 0.309 | Penalty: 0.099 | RL_Reward: 0.901
[ STABLE  ] Signal: 0.298 | Penalty: 0.076 | RL_Reward: 0.924
[ STABLE  ] Signal: 0.293 | Penalty: 0.045 | RL_Reward: 0.955
[ STABLE  ] Signal: 0.299 | Penalty: 0.023 | RL_Reward: 0.977
[ STABLE  ] Signal: 0.306 | Penalty: 0.016 | RL_Reward: 0.984
[ STABLE  ] Signal: 0.294 | Penalty: 0.017 | RL_Reward: 0.983
[ STABLE  ] Signal: 0.292 | Penalty: 0.018 | RL_Reward: 0.982
[ STABLE  ] Signal: 0.289 | Penalty: 0.020 | RL_Reward: 0.980
[ STABLE  ] Signal: 0.291 | Penalty: 0.018 | RL_Reward: 0.982
[ STABLE  ] Signal: 0.299 | Penalty: 0.013 | RL_Reward: 0.987
[ STABLE  ] Signal: 0.296 | Penalty: 0.014 | RL_Reward: 0.986
[ STABLE  ] Signal: 0.302 | Penalty: 0.015 | RL_Reward: 0.985
[ STABLE  ] Signal: 0.293 | Penalty: 0.015 | RL_Reward: 0.985
[ STABLE  ] Signal: 0.300 | Penalty: 0.013 | RL_Reward: 0.987
[ STABLE  ] Signal: 0.304 | Penalty: 0.015 | RL_Reward: 0.985
[ STABLE  ] Signal: 0.294 | Penalty: 0.014 | RL_Reward: 0.986
[ STABLE  ] Signal: 0.290 | Penalty: 0.016 | RL_Reward: 0.984
[ STABLE  ] Signal: 0.303 | Penalty: 0.014 | RL_Reward: 0.986
[ STABLE  ] Signal: 0.302 | Penalty: 0.013 | RL_Reward: 0.987
[ STABLE  ] Signal: 0.295 | Penalty: 0.013 | RL_Reward: 0.987
[ STABLE  ] Signal: 0.293 | Penalty: 0.014 | RL_Reward: 0.986
[ STABLE  ] Signal: 0.291 | Penalty: 0.015 | RL_Reward: 0.985
[ STABLE  ] Signal: 0.312 | Penalty: 0.018 | RL_Reward: 0.982
[ STABLE  ] Signal: 0.290 | Penalty: 0.016 | RL_Reward: 0.984
[ STABLE  ] Signal: 0.289 | Penalty: 0.015 | RL_Reward: 0.985
[ STABLE  ] Signal: 0.313 | Penalty: 0.019 | RL_Reward: 0.981
[ STABLE  ] Signal: 0.307 | Penalty: 0.016 | RL_Reward: 0.984
[ STABLE  ] Signal: 0.311 | Penalty: 0.018 | RL_Reward: 0.982
[ STABLE  ] Signal: 0.314 | Penalty: 0.021 | RL_Reward: 0.979
[ STABLE  ] Signal: 0.297 | Penalty: 0.013 | RL_Reward: 0.987
[ STABLE  ] Signal: 0.311 | Penalty: 0.019 | RL_Reward: 0.981
[ STABLE  ] Signal: 0.306 | Penalty: 0.016 | RL_Reward: 0.984
[ STABLE  ] Signal: 0.292 | Penalty: 0.016 | RL_Reward: 0.984
[ STABLE  ] Signal: 0.296 | Penalty: 0.014 | RL_Reward: 0.986
[ STABLE  ] Signal: 0.287 | Penalty: 0.019 | RL_Reward: 0.981
[ STABLE  ] Signal: 0.289 | Penalty: 0.018 | RL_Reward: 0.982
[ STABLE  ] Signal: 0.286 | Penalty: 0.020 | RL_Reward: 0.980
[ STABLE  ] Signal: 0.287 | Penalty: 0.019 | RL_Reward: 0.981
[ STABLE  ] Signal: 0.302 | Penalty: 0.015 | RL_Reward: 0.985
[ STABLE  ] Signal: 0.298 | Penalty: 0.013 | RL_Reward: 0.987
[ STABLE  ] Signal: 0.310 | Penalty: 0.020 | RL_Reward: 0.980
[ STABLE  ] Signal: 0.313 | Penalty: 0.022 | RL_Reward: 0.978
[! CHAOS !] Signal: 0.225 | Penalty: 0.067 | RL_Reward: 0.933
[! CHAOS !] Signal: 0.288 | Penalty: 0.029 | RL_Reward: 0.971
[! CHAOS !] Signal: -0.130 | Penalty: 0.364 | RL_Reward: 0.636
[! CHAOS !] Signal: -0.193 | Penalty: 0.449 | RL_Reward: 0.551
[! CHAOS !] Signal: 0.189 | Penalty: 0.219 | RL_Reward: 0.781
[! CHAOS !] Signal: -0.162 | Penalty: 0.453 | RL_Reward: 0.547
[! CHAOS !] Signal: -0.179 | Penalty: 0.483 | RL_Reward: 0.517
[! CHAOS !] Signal: 0.577 | Penalty: 0.456 | RL_Reward: 0.544
[! CHAOS !] Signal: 0.306 | Penalty: 0.293 | RL_Reward: 0.707
[! CHAOS !] Signal: -0.182 | Penalty: 0.522 | RL_Reward: 0.478
[! CHAOS !] Signal: 0.214 | Penalty: 0.282 | RL_Reward: 0.718
[! CHAOS !] Signal: 0.720 | Penalty: 0.598 | RL_Reward: 0.402
[! CHAOS !] Signal: 0.829 | Penalty: 0.691 | RL_Reward: 0.309
[! CHAOS !] Signal: 0.517 | Penalty: 0.507 | RL_Reward: 0.493
[! CHAOS !] Signal: 0.188 | Penalty: 0.395 | RL_Reward: 0.605
[! CHAOS !] Signal: 0.161 | Penalty: 0.409 | RL_Reward: 0.591
[! CHAOS !] Signal: 0.356 | Penalty: 0.417 | RL_Reward: 0.583
[! CHAOS !] Signal: -0.204 | Penalty: 0.640 | RL_Reward: 0.360
[! CHAOS !] Signal: 0.828 | Penalty: 0.752 | RL_Reward: 0.248
[! CHAOS !] Signal: 0.720 | Penalty: 0.698 | RL_Reward: 0.302
[! CHAOS !] Signal: 0.560 | Penalty: 0.604 | RL_Reward: 0.396
[! CHAOS !] Signal: -0.066 | Penalty: 0.641 | RL_Reward: 0.359
[! CHAOS !] Signal: 0.092 | Penalty: 0.545 | RL_Reward: 0.455
[! CHAOS !] Signal: 0.446 | Penalty: 0.558 | RL_Reward: 0.442
[! CHAOS !] Signal: -0.042 | Penalty: 0.632 | RL_Reward: 0.368
[! CHAOS !] Signal: 0.821 | Penalty: 0.811 | RL_Reward: 0.189
[! CHAOS !] Signal: 0.018 | Penalty: 0.631 | RL_Reward: 0.369
[! CHAOS !] Signal: 0.126 | Penalty: 0.564 | RL_Reward: 0.436
[! CHAOS !] Signal: 0.057 | Penalty: 0.603 | RL_Reward: 0.397
[! CHAOS !] Signal: 0.262 | Penalty: 0.499 | RL_Reward: 0.501
[! CHAOS !] Signal: 0.298 | Penalty: 0.520 | RL_Reward: 0.480
[! CHAOS !] Signal: 0.467 | Penalty: 0.621 | RL_Reward: 0.379
[! CHAOS !] Signal: 0.107 | Penalty: 0.575 | RL_Reward: 0.425
[! CHAOS !] Signal: 0.568 | Penalty: 0.641 | RL_Reward: 0.359
[! CHAOS !] Signal: -0.096 | Penalty: 0.707 | RL_Reward: 0.293
[! CHAOS !] Signal: 0.040 | Penalty: 0.618 | RL_Reward: 0.382
[! CHAOS !] Signal: 0.303 | Penalty: 0.456 | RL_Reward: 0.544
[! CHAOS !] Signal: 0.289 | Penalty: 0.448 | RL_Reward: 0.552
[! CHAOS !] Signal: 0.199 | Penalty: 0.501 | RL_Reward: 0.499
[! CHAOS !] Signal: 0.834 | Penalty: 0.760 | RL_Reward: 0.240
[! CHAOS !] Signal: 0.461 | Penalty: 0.532 | RL_Reward: 0.468
[! CHAOS !] Signal: -0.176 | Penalty: 0.744 | RL_Reward: 0.256
[! CHAOS !] Signal: 0.271 | Penalty: 0.440 | RL_Reward: 0.560
[! CHAOS !] Signal: 0.286 | Penalty: 0.437 | RL_Reward: 0.563
[! CHAOS !] Signal: 0.178 | Penalty: 0.486 | RL_Reward: 0.514
[! CHAOS !] Signal: -0.065 | Penalty: 0.636 | RL_Reward: 0.364
[! CHAOS !] Signal: 0.343 | Penalty: 0.485 | RL_Reward: 0.515
[! CHAOS !] Signal: -0.183 | Penalty: 0.705 | RL_Reward: 0.295
[! CHAOS !] Signal: -0.107 | Penalty: 0.622 | RL_Reward: 0.378
[! CHAOS !] Signal: 0.281 | Penalty: 0.433 | RL_Reward: 0.567
[! CHAOS !] Signal: 0.704 | Penalty: 0.695 | RL_Reward: 0.305
[! CHAOS !] Signal: 0.589 | Penalty: 0.616 | RL_Reward: 0.384
[! CHAOS !] Signal: -0.167 | Penalty: 0.665 | RL_Reward: 0.335
[! CHAOS !] Signal: 0.133 | Penalty: 0.476 | RL_Reward: 0.524
[! CHAOS !] Signal: 0.134 | Penalty: 0.473 | RL_Reward: 0.527
[! CHAOS !] Signal: 0.165 | Penalty: 0.408 | RL_Reward: 0.592
[! CHAOS !] Signal: -0.054 | Penalty: 0.541 | RL_Reward: 0.459
[! CHAOS !] Signal: -0.062 | Penalty: 0.548 | RL_Reward: 0.452
[! CHAOS !] Signal: -0.116 | Penalty: 0.585 | RL_Reward: 0.415
[! CHAOS !] Signal: 0.001 | Penalty: 0.512 | RL_Reward: 0.488
[! CHAOS !] Signal: 0.672 | Penalty: 0.704 | RL_Reward: 0.296
[! CHAOS !] Signal: 0.163 | Penalty: 0.430 | RL_Reward: 0.570
[! CHAOS !] Signal: 0.039 | Penalty: 0.504 | RL_Reward: 0.496
[! CHAOS !] Signal: 0.575 | Penalty: 0.648 | RL_Reward: 0.352
[! CHAOS !] Signal: 0.135 | Penalty: 0.445 | RL_Reward: 0.555
[! CHAOS !] Signal: 0.247 | Penalty: 0.433 | RL_Reward: 0.567
[! CHAOS !] Signal: -0.174 | Penalty: 0.634 | RL_Reward: 0.366
[ STABLE  ] Signal: 0.300 | Penalty: 0.486 | RL_Reward: 0.514
[ STABLE  ] Signal: 0.294 | Penalty: 0.481 | RL_Reward: 0.519
[ STABLE  ] Signal: 0.295 | Penalty: 0.454 | RL_Reward: 0.546
[ STABLE  ] Signal: 0.288 | Penalty: 0.446 | RL_Reward: 0.554
[ STABLE  ] Signal: 0.303 | Penalty: 0.434 | RL_Reward: 0.566
[ STABLE  ] Signal: 0.307 | Penalty: 0.437 | RL_Reward: 0.563
[ STABLE  ] Signal: 0.314 | Penalty: 0.441 | RL_Reward: 0.559
[ STABLE  ] Signal: 0.307 | Penalty: 0.436 | RL_Reward: 0.564
[ STABLE  ] Signal: 0.295 | Penalty: 0.416 | RL_Reward: 0.584
[ STABLE  ] Signal: 0.291 | Penalty: 0.413 | RL_Reward: 0.587
[ STABLE  ] Signal: 0.311 | Penalty: 0.400 | RL_Reward: 0.600
[ STABLE  ] Signal: 0.285 | Penalty: 0.365 | RL_Reward: 0.635
[ STABLE  ] Signal: 0.308 | Penalty: 0.379 | RL_Reward: 0.621
[ STABLE  ] Signal: 0.307 | Penalty: 0.359 | RL_Reward: 0.641
[ STABLE  ] Signal: 0.313 | Penalty: 0.352 | RL_Reward: 0.648
[ STABLE  ] Signal: 0.300 | Penalty: 0.316 | RL_Reward: 0.684
[ STABLE  ] Signal: 0.291 | Penalty: 0.307 | RL_Reward: 0.693
[ STABLE  ] Signal: 0.302 | Penalty: 0.310 | RL_Reward: 0.690
[ STABLE  ] Signal: 0.314 | Penalty: 0.314 | RL_Reward: 0.686
[ STABLE  ] Signal: 0.310 | Penalty: 0.292 | RL_Reward: 0.708
[ STABLE  ] Signal: 0.296 | Penalty: 0.262 | RL_Reward: 0.738
[ STABLE  ] Signal: 0.302 | Penalty: 0.233 | RL_Reward: 0.767
[ STABLE  ] Signal: 0.307 | Penalty: 0.216 | RL_Reward: 0.784
[ STABLE  ] Signal: 0.297 | Penalty: 0.187 | RL_Reward: 0.813
[ STABLE  ] Signal: 0.313 | Penalty: 0.191 | RL_Reward: 0.809
[ STABLE  ] Signal: 0.306 | Penalty: 0.168 | RL_Reward: 0.832
[ STABLE  ] Signal: 0.300 | Penalty: 0.148 | RL_Reward: 0.852
[ STABLE  ] Signal: 0.299 | Penalty: 0.138 | RL_Reward: 0.862
[ STABLE  ] Signal: 0.291 | Penalty: 0.132 | RL_Reward: 0.868
[ STABLE  ] Signal: 0.300 | Penalty: 0.013 | RL_Reward: 0.987
[ STABLE  ] Signal: 0.307 | Penalty: 0.015 | RL_Reward: 0.985
[ STABLE  ] Signal: 0.309 | Penalty: 0.016 | RL_Reward: 0.984
[ STABLE  ] Signal: 0.295 | Penalty: 0.016 | RL_Reward: 0.984
[ STABLE  ] Signal: 0.292 | Penalty: 0.018 | RL_Reward: 0.982
[ STABLE  ] Signal: 0.302 | Penalty: 0.012 | RL_Reward: 0.988
[ STABLE  ] Signal: 0.300 | Penalty: 0.013 | RL_Reward: 0.987
[ STABLE  ] Signal: 0.297 | Penalty: 0.014 | RL_Reward: 0.986
[ STABLE  ] Signal: 0.313 | Penalty: 0.018 | RL_Reward: 0.982
[ STABLE  ] Signal: 0.312 | Penalty: 0.018 | RL_Reward: 0.982
[ STABLE  ] Signal: 0.302 | Penalty: 0.012 | RL_Reward: 0.988
[ STABLE  ] Signal: 0.304 | Penalty: 0.012 | RL_Reward: 0.988
[ STABLE  ] Signal: 0.310 | Penalty: 0.014 | RL_Reward: 0.986
[ STABLE  ] Signal: 0.302 | Penalty: 0.011 | RL_Reward: 0.989
[ STABLE  ] Signal: 0.292 | Penalty: 0.017 | RL_Reward: 0.983
[ STABLE  ] Signal: 0.308 | Penalty: 0.013 | RL_Reward: 0.987
[ STABLE  ] Signal: 0.298 | Penalty: 0.013 | RL_Reward: 0.987
[ STABLE  ] Signal: 0.293 | Penalty: 0.016 | RL_Reward: 0.984
[ STABLE  ] Signal: 0.288 | Penalty: 0.019 | RL_Reward: 0.981
[ STABLE  ] Signal: 0.310 | Penalty: 0.015 | RL_Reward: 0.985
[ STABLE  ] Signal: 0.300 | Penalty: 0.011 | RL_Reward: 0.989
[ STABLE  ] Signal: 0.304 | Penalty: 0.011 | RL_Reward: 0.989
[ STABLE  ] Signal: 0.294 | Penalty: 0.015 | RL_Reward: 0.985
[ STABLE  ] Signal: 0.298 | Penalty: 0.012 | RL_Reward: 0.988
[ STABLE  ] Signal: 0.290 | Penalty: 0.017 | RL_Reward: 0.983
[ STABLE  ] Signal: 0.292 | Penalty: 0.015 | RL_Reward: 0.985
[ STABLE  ] Signal: 0.314 | Penalty: 0.019 | RL_Reward: 0.981
[ STABLE  ] Signal: 0.285 | Penalty: 0.021 | RL_Reward: 0.979
[ STABLE  ] Signal: 0.303 | Penalty: 0.013 | RL_Reward: 0.987
[ STABLE  ] Signal: 0.293 | Penalty: 0.016 | RL_Reward: 0.984
[ STABLE  ] Signal: 0.313 | Penalty: 0.019 | RL_Reward: 0.981
[ STABLE  ] Signal: 0.288 | Penalty: 0.020 | RL_Reward: 0.980
[ STABLE  ] Signal: 0.309 | Penalty: 0.018 | RL_Reward: 0.982
[ STABLE  ] Signal: 0.286 | Penalty: 0.021 | RL_Reward: 0.979
[ STABLE  ] Signal: 0.285 | Penalty: 0.022 | RL_Reward: 0.978
[ STABLE  ] Signal: 0.287 | Penalty: 0.021 | RL_Reward: 0.979
[ STABLE  ] Signal: 0.288 | Penalty: 0.020 | RL_Reward: 0.980
[! CHAOS !] Signal: -0.065 | Penalty: 0.310 | RL_Reward: 0.690
[! CHAOS !] Signal: 0.552 | Penalty: 0.276 | RL_Reward: 0.724
[! CHAOS !] Signal: 0.739 | Penalty: 0.429 | RL_Reward: 0.571
[! CHAOS !] Signal: -0.105 | Penalty: 0.444 | RL_Reward: 0.556
[! CHAOS !] Signal: 0.769 | Penalty: 0.516 | RL_Reward: 0.484
[! CHAOS !] Signal: 0.040 | Penalty: 0.408 | RL_Reward: 0.592
[! CHAOS !] Signal: 0.294 | Penalty: 0.256 | RL_Reward: 0.744
[! CHAOS !] Signal: -0.081 | Penalty: 0.494 | RL_Reward: 0.506
[! CHAOS !] Signal: -0.008 | Penalty: 0.455 | RL_Reward: 0.545
[! CHAOS !] Signal: 0.410 | Penalty: 0.362 | RL_Reward: 0.638
[! CHAOS !] Signal: 0.647 | Penalty: 0.514 | RL_Reward: 0.486
[! CHAOS !] Signal: 0.150 | Penalty: 0.388 | RL_Reward: 0.612
[! CHAOS !] Signal: 0.327 | Penalty: 0.327 | RL_Reward: 0.673
[! CHAOS !] Signal: 0.175 | Penalty: 0.372 | RL_Reward: 0.628
[! CHAOS !] Signal: 0.633 | Penalty: 0.522 | RL_Reward: 0.478
[! CHAOS !] Signal: 0.228 | Penalty: 0.360 | RL_Reward: 0.640
[! CHAOS !] Signal: -0.200 | Penalty: 0.634 | RL_Reward: 0.366
[! CHAOS !] Signal: 0.553 | Penalty: 0.515 | RL_Reward: 0.485
[! CHAOS !] Signal: 0.044 | Penalty: 0.501 | RL_Reward: 0.499
[! CHAOS !] Signal: 0.430 | Penalty: 0.452 | RL_Reward: 0.548
[! CHAOS !] Signal: 0.409 | Penalty: 0.438 | RL_Reward: 0.562
[! CHAOS !] Signal: 0.006 | Penalty: 0.535 | RL_Reward: 0.465
[! CHAOS !] Signal: 0.276 | Penalty: 0.372 | RL_Reward: 0.628
[! CHAOS !] Signal: 0.470 | Penalty: 0.489 | RL_Reward: 0.511
[! CHAOS !] Signal: -0.075 | Penalty: 0.594 | RL_Reward: 0.406
[! CHAOS !] Signal: 0.046 | Penalty: 0.521 | RL_Reward: 0.479
[! CHAOS !] Signal: 0.398 | Penalty: 0.474 | RL_Reward: 0.526
[! CHAOS !] Signal: 0.467 | Penalty: 0.516 | RL_Reward: 0.484
[! CHAOS !] Signal: -0.142 | Penalty: 0.652 | RL_Reward: 0.348
[! CHAOS !] Signal: 0.376 | Penalty: 0.484 | RL_Reward: 0.516
[! CHAOS !] Signal: 0.495 | Penalty: 0.539 | RL_Reward: 0.461
[! CHAOS !] Signal: 0.132 | Penalty: 0.482 | RL_Reward: 0.518
[! CHAOS !] Signal: -0.216 | Penalty: 0.669 | RL_Reward: 0.331
[! CHAOS !] Signal: 0.216 | Penalty: 0.405 | RL_Reward: 0.595
[! CHAOS !] Signal: 0.386 | Penalty: 0.457 | RL_Reward: 0.543
[! CHAOS !] Signal: -0.205 | Penalty: 0.635 | RL_Reward: 0.365
[! CHAOS !] Signal: -0.246 | Penalty: 0.668 | RL_Reward: 0.332
[! CHAOS !] Signal: 0.693 | Penalty: 0.689 | RL_Reward: 0.311
[! CHAOS !] Signal: 0.375 | Penalty: 0.487 | RL_Reward: 0.513
[! CHAOS !] Signal: 0.505 | Penalty: 0.567 | RL_Reward: 0.433
[! CHAOS !] Signal: 0.019 | Penalty: 0.523 | RL_Reward: 0.477
[! CHAOS !] Signal: 0.809 | Penalty: 0.767 | RL_Reward: 0.233
[! CHAOS !] Signal: 0.573 | Penalty: 0.629 | RL_Reward: 0.371
[! CHAOS !] Signal: 0.729 | Penalty: 0.729 | RL_Reward: 0.271
[! CHAOS !] Signal: 0.532 | Penalty: 0.607 | RL_Reward: 0.393
[! CHAOS !] Signal: 0.157 | Penalty: 0.517 | RL_Reward: 0.483
[! CHAOS !] Signal: -0.111 | Penalty: 0.673 | RL_Reward: 0.327
[! CHAOS !] Signal: 0.306 | Penalty: 0.464 | RL_Reward: 0.536
[! CHAOS !] Signal: 0.273 | Penalty: 0.435 | RL_Reward: 0.565
[! CHAOS !] Signal: 0.768 | Penalty: 0.744 | RL_Reward: 0.256
[! CHAOS !] Signal: 0.785 | Penalty: 0.766 | RL_Reward: 0.234
[! CHAOS !] Signal: 0.747 | Penalty: 0.737 | RL_Reward: 0.263
[! CHAOS !] Signal: -0.097 | Penalty: 0.733 | RL_Reward: 0.267
[! CHAOS !] Signal: 0.058 | Penalty: 0.634 | RL_Reward: 0.366
[! CHAOS !] Signal: 0.819 | Penalty: 0.801 | RL_Reward: 0.199
[! CHAOS !] Signal: 0.284 | Penalty: 0.524 | RL_Reward: 0.476
[! CHAOS !] Signal: 0.635 | Penalty: 0.682 | RL_Reward: 0.318
[! CHAOS !] Signal: 0.270 | Penalty: 0.539 | RL_Reward: 0.461
[! CHAOS !] Signal: 0.656 | Penalty: 0.671 | RL_Reward: 0.329
[! CHAOS !] Signal: -0.036 | Penalty: 0.731 | RL_Reward: 0.269
[! CHAOS !] Signal: -0.070 | Penalty: 0.750 | RL_Reward: 0.250
[! CHAOS !] Signal: 0.420 | Penalty: 0.563 | RL_Reward: 0.437
[! CHAOS !] Signal: 0.829 | Penalty: 0.780 | RL_Reward: 0.220
[! CHAOS !] Signal: 0.012 | Penalty: 0.722 | RL_Reward: 0.278
[! CHAOS !] Signal: 0.225 | Penalty: 0.592 | RL_Reward: 0.408
[! CHAOS !] Signal: 0.021 | Penalty: 0.704 | RL_Reward: 0.296
[! CHAOS !] Signal: 0.264 | Penalty: 0.540 | RL_Reward: 0.460
[ STABLE  ] Signal: 0.309 | Penalty: 0.497 | RL_Reward: 0.503
[ STABLE  ] Signal: 0.298 | Penalty: 0.503 | RL_Reward: 0.497
[ STABLE  ] Signal: 0.291 | Penalty: 0.501 | RL_Reward: 0.499
[ STABLE  ] Signal: 0.308 | Penalty: 0.487 | RL_Reward: 0.513
[ STABLE  ] Signal: 0.290 | Penalty: 0.471 | RL_Reward: 0.529
[ STABLE  ] Signal: 0.308 | Penalty: 0.451 | RL_Reward: 0.549
[ STABLE  ] Signal: 0.312 | Penalty: 0.426 | RL_Reward: 0.574
[ STABLE  ] Signal: 0.286 | Penalty: 0.433 | RL_Reward: 0.567
[ STABLE  ] Signal: 0.293 | Penalty: 0.429 | RL_Reward: 0.571
[ STABLE  ] Signal: 0.286 | Penalty: 0.423 | RL_Reward: 0.577
[ STABLE  ] Signal: 0.307 | Penalty: 0.411 | RL_Reward: 0.589
[ STABLE  ] Signal: 0.306 | Penalty: 0.412 | RL_Reward: 0.588
[ STABLE  ] Signal: 0.311 | Penalty: 0.381 | RL_Reward: 0.619
[ STABLE  ] Signal: 0.298 | Penalty: 0.356 | RL_Reward: 0.644
[ STABLE  ] Signal: 0.294 | Penalty: 0.329 | RL_Reward: 0.671
[ STABLE  ] Signal: 0.289 | Penalty: 0.320 | RL_Reward: 0.680
[ STABLE  ] Signal: 0.305 | Penalty: 0.307 | RL_Reward: 0.693
[ STABLE  ] Signal: 0.287 | Penalty: 0.273 | RL_Reward: 0.727
[ STABLE  ] Signal: 0.297 | Penalty: 0.268 | RL_Reward: 0.732
[ STABLE  ] Signal: 0.290 | Penalty: 0.253 | RL_Reward: 0.747
[ STABLE  ] Signal: 0.307 | Penalty: 0.263 | RL_Reward: 0.737
[ STABLE  ] Signal: 0.311 | Penalty: 0.250 | RL_Reward: 0.750
[ STABLE  ] Signal: 0.298 | Penalty: 0.218 | RL_Reward: 0.782
[ STABLE  ] Signal: 0.302 | Penalty: 0.189 | RL_Reward: 0.811
[ STABLE  ] Signal: 0.309 | Penalty: 0.192 | RL_Reward: 0.808
[ STABLE  ] Signal: 0.303 | Penalty: 0.123 | RL_Reward: 0.877
[ STABLE  ] Signal: 0.296 | Penalty: 0.084 | RL_Reward: 0.916
[ STABLE  ] Signal: 0.314 | Penalty: 0.091 | RL_Reward: 0.909
[ STABLE  ] Signal: 0.298 | Penalty: 0.016 | RL_Reward: 0.984
[ STABLE  ] Signal: 0.312 | Penalty: 0.020 | RL_Reward: 0.980
[ STABLE  ] Signal: 0.302 | Penalty: 0.014 | RL_Reward: 0.986
[ STABLE  ] Signal: 0.298 | Penalty: 0.014 | RL_Reward: 0.986
[ STABLE  ] Signal: 0.305 | Penalty: 0.015 | RL_Reward: 0.985
[ STABLE  ] Signal: 0.298 | Penalty: 0.014 | RL_Reward: 0.986
[ STABLE  ] Signal: 0.304 | Penalty: 0.014 | RL_Reward: 0.986
[ STABLE  ] Signal: 0.292 | Penalty: 0.017 | RL_Reward: 0.983
[ STABLE  ] Signal: 0.286 | Penalty: 0.020 | RL_Reward: 0.980
[ STABLE  ] Signal: 0.314 | Penalty: 0.021 | RL_Reward: 0.979
[ STABLE  ] Signal: 0.290 | Penalty: 0.019 | RL_Reward: 0.981
[ STABLE  ] Signal: 0.300 | Penalty: 0.012 | RL_Reward: 0.988
[ STABLE  ] Signal: 0.294 | Penalty: 0.016 | RL_Reward: 0.984
[ STABLE  ] Signal: 0.313 | Penalty: 0.020 | RL_Reward: 0.980
[ STABLE  ] Signal: 0.294 | Penalty: 0.016 | RL_Reward: 0.984
[ STABLE  ] Signal: 0.287 | Penalty: 0.020 | RL_Reward: 0.980
[ STABLE  ] Signal: 0.296 | Penalty: 0.015 | RL_Reward: 0.985
[ STABLE  ] Signal: 0.285 | Penalty: 0.022 | RL_Reward: 0.978
[ STABLE  ] Signal: 0.295 | Penalty: 0.015 | RL_Reward: 0.985
[ STABLE  ] Signal: 0.310 | Penalty: 0.019 | RL_Reward: 0.981
[ STABLE  ] Signal: 0.306 | Penalty: 0.016 | RL_Reward: 0.984
[ STABLE  ] Signal: 0.285 | Penalty: 0.022 | RL_Reward: 0.978
[ STABLE  ] Signal: 0.289 | Penalty: 0.020 | RL_Reward: 0.980
[ STABLE  ] Signal: 0.289 | Penalty: 0.019 | RL_Reward: 0.981
[ STABLE  ] Signal: 0.312 | Penalty: 0.021 | RL_Reward: 0.979
[ STABLE  ] Signal: 0.293 | Penalty: 0.017 | RL_Reward: 0.983
[ STABLE  ] Signal: 0.298 | Penalty: 0.014 | RL_Reward: 0.986
[ STABLE  ] Signal: 0.291 | Penalty: 0.018 | RL_Reward: 0.982
[ STABLE  ] Signal: 0.299 | Penalty: 0.014 | RL_Reward: 0.986
[ STABLE  ] Signal: 0.288 | Penalty: 0.019 | RL_Reward: 0.981
[ STABLE  ] Signal: 0.301 | Penalty: 0.015 | RL_Reward: 0.985
[ STABLE  ] Signal: 0.292 | Penalty: 0.015 | RL_Reward: 0.985
[ STABLE  ] Signal: 0.313 | Penalty: 0.023 | RL_Reward: 0.977
[ STABLE  ] Signal: 0.309 | Penalty: 0.020 | RL_Reward: 0.980
[ STABLE  ] Signal: 0.301 | Penalty: 0.016 | RL_Reward: 0.984
[ STABLE  ] Signal: 0.308 | Penalty: 0.020 | RL_Reward: 0.980
[ STABLE  ] Signal: 0.295 | Penalty: 0.015 | RL_Reward: 0.985
[ STABLE  ] Signal: 0.314 | Penalty: 0.024 | RL_Reward: 0.976
[ STABLE  ] Signal: 0.300 | Penalty: 0.015 | RL_Reward: 0.985
[! CHAOS !] Signal: 0.132 | Penalty: 0.143 | RL_Reward: 0.857
[! CHAOS !] Signal: -0.044 | Penalty: 0.297 | RL_Reward: 0.703
[! CHAOS !] Signal: 0.799 | Penalty: 0.473 | RL_Reward: 0.527
[! CHAOS !] Signal: -0.227 | Penalty: 0.528 | RL_Reward: 0.472
[! CHAOS !] Signal: -0.101 | Penalty: 0.466 | RL_Reward: 0.534
[! CHAOS !] Signal: 0.803 | Penalty: 0.596 | RL_Reward: 0.404
[! CHAOS !] Signal: 0.114 | Penalty: 0.387 | RL_Reward: 0.613
[! CHAOS !] Signal: 0.489 | Penalty: 0.417 | RL_Reward: 0.583
[! CHAOS !] Signal: 0.214 | Penalty: 0.336 | RL_Reward: 0.664
[! CHAOS !] Signal: 0.552 | Penalty: 0.460 | RL_Reward: 0.540
[! CHAOS !] Signal: 0.623 | Penalty: 0.509 | RL_Reward: 0.491
[! CHAOS !] Signal: 0.593 | Penalty: 0.495 | RL_Reward: 0.505
[! CHAOS !] Signal: 0.061 | Penalty: 0.478 | RL_Reward: 0.522
[! CHAOS !] Signal: 0.009 | Penalty: 0.513 | RL_Reward: 0.487
[! CHAOS !] Signal: 0.797 | Penalty: 0.660 | RL_Reward: 0.340
[! CHAOS !] Signal: 0.019 | Penalty: 0.546 | RL_Reward: 0.454
[! CHAOS !] Signal: 0.026 | Penalty: 0.543 | RL_Reward: 0.457
[! CHAOS !] Signal: 0.402 | Penalty: 0.448 | RL_Reward: 0.552
[! CHAOS !] Signal: 0.083 | Penalty: 0.512 | RL_Reward: 0.488
[! CHAOS !] Signal: 0.554 | Penalty: 0.549 | RL_Reward: 0.451
[! CHAOS !] Signal: 0.198 | Penalty: 0.454 | RL_Reward: 0.546
[! CHAOS !] Signal: 0.639 | Penalty: 0.607 | RL_Reward: 0.393
[! CHAOS !] Signal: 0.715 | Penalty: 0.659 | RL_Reward: 0.341
[! CHAOS !] Signal: 0.460 | Penalty: 0.505 | RL_Reward: 0.495
[! CHAOS !] Signal: 0.652 | Penalty: 0.622 | RL_Reward: 0.378
[! CHAOS !] Signal: 0.047 | Penalty: 0.608 | RL_Reward: 0.392
[! CHAOS !] Signal: 0.516 | Penalty: 0.551 | RL_Reward: 0.449
[! CHAOS !] Signal: 0.272 | Penalty: 0.479 | RL_Reward: 0.521
[! CHAOS !] Signal: 0.833 | Penalty: 0.751 | RL_Reward: 0.249
[! CHAOS !] Signal: 0.378 | Penalty: 0.477 | RL_Reward: 0.523
[! CHAOS !] Signal: 0.130 | Penalty: 0.596 | RL_Reward: 0.404
[! CHAOS !] Signal: 0.595 | Penalty: 0.585 | RL_Reward: 0.415
[! CHAOS !] Signal: 0.245 | Penalty: 0.505 | RL_Reward: 0.495
[! CHAOS !] Signal: 0.367 | Penalty: 0.412 | RL_Reward: 0.588
[! CHAOS !] Signal: -0.201 | Penalty: 0.761 | RL_Reward: 0.239
[! CHAOS !] Signal: 0.769 | Penalty: 0.652 | RL_Reward: 0.348
[! CHAOS !] Signal: 0.076 | Penalty: 0.593 | RL_Reward: 0.407
[! CHAOS !] Signal: 0.779 | Penalty: 0.669 | RL_Reward: 0.331
[! CHAOS !] Signal: 0.228 | Penalty: 0.520 | RL_Reward: 0.480
[! CHAOS !] Signal: 0.086 | Penalty: 0.601 | RL_Reward: 0.399
[! CHAOS !] Signal: 0.133 | Penalty: 0.561 | RL_Reward: 0.439
[! CHAOS !] Signal: 0.424 | Penalty: 0.475 | RL_Reward: 0.525
[! CHAOS !] Signal: 0.298 | Penalty: 0.451 | RL_Reward: 0.549
[! CHAOS !] Signal: 0.088 | Penalty: 0.575 | RL_Reward: 0.425
[! CHAOS !] Signal: -0.144 | Penalty: 0.697 | RL_Reward: 0.303
[! CHAOS !] Signal: 0.563 | Penalty: 0.547 | RL_Reward: 0.453
[! CHAOS !] Signal: 0.342 | Penalty: 0.409 | RL_Reward: 0.591
[! CHAOS !] Signal: 0.641 | Penalty: 0.580 | RL_Reward: 0.420
[! CHAOS !] Signal: 0.569 | Penalty: 0.524 | RL_Reward: 0.476
[! CHAOS !] Signal: 0.340 | Penalty: 0.421 | RL_Reward: 0.579
[! CHAOS !] Signal: 0.266 | Penalty: 0.465 | RL_Reward: 0.535
[! CHAOS !] Signal: 0.798 | Penalty: 0.666 | RL_Reward: 0.334
